Name,Street Address,City,State,Zip Code,Cross Streets,Neighborhood,Phone,Description,Business Owner,Merchant Verified,Paid Listing,Rating,Reviews,Website,Price Range,Hours,Takes Reservations,Delivery,Take Out,Accepts Credit Cards,Good For,Parking,Wheelchair Accessable,Good For Kids,Good For Groups,Attire,Ambience,Noise Level,Music,Dancing,Serves Alcohol,Happy Hour,Best Nights,Coat Check,Smoking Allowed,Outdoor Seating,Wifi,Has Tv,Allows Dogs,Waiter Service,Caters,By Appointment Only,Category,Lat,Long,Image URL,Listing URL,Deal,Deal Description,Deal Orignal Price,Deal Discount,Deal Savings,Deal Link
Clermont Lounge,789 Ponce De Leon Ave NE,Atlanta,GA,30306,,"Old Fourth Ward, Virginia Highland, Poncey-Highland",(404) 874-4783,"The world famous Clermont Lounge® is the Greatest Show on Earth!A can't miss Atlanta attraction, the Clermont is Atlanta's oldest strip club and consistently ranked as one of the …Learn more about Clermont Lounge, Opens a popupSpecialtiesThe world famous Clermont Lounge® is the Greatest Show on Earth!A can't miss Atlanta attraction, the Clermont is Atlanta's oldest strip club and consistently ranked as one of the coolest dive bars in the world!The Clermont Lounge is a place where you can get cheap drinks and truly be yourself, whatever that may be.We are a strip club that sprinkles in karaoke, live music and a DJ spinning 70's funk on various nights (see shows and weekly events).Most come to see what the buzz is about, but keep coming because it turned out to be the best time of their life.HistoryEstablished in 1965.The Clermont Lounge™ is Atlanta's oldest strip club.Although the basement space began life in 1955 as an upscale supper club, it was reborn as the Clermont in 1965 and became an Atlanta landmark.Located in the basement of the Clermont Motor Hotel on Ponce De Leon, the Clermont offers great entertainment, generous drinks and much, much more.We have beenfeatured on many shows including, the Travel Channel's ""The Layover"", Real Housewives of Atlanta, Comedy Central and many more.The Clermont Lounge has received numerous awards for our unique atmosphere and service.Many celebrities frequent the Clermont often.Bill Murray, Robert De Niro, P!nk, Carey Hart, Kid Rock, Woody Harrelson, Marilyn Manson, Morgan Freeman, Ben Stiller, Jon Stewart and many others frequent the World Famous Clermont Lounge! You will often see many celebrities here enjoying the magic.Come find out what draws people to the Clermont Lounge and see if the rumors are true.You never know who you may bu",,Yes,No,4.0 star rating,342 reviews,http://www.clermontlounge.net,Inexpensive,Mon 1:00 pm - 3:00 am<br>Tue 1:00 pm - 3:00 am<br>Wed 1:00 pm - 3:00 am<br>Thu 1:00 pm - 3:00 am<br>Fri 1:00 pm - 3:00 am<br>Sat 1:00 pm - 3:00 am<br>Sun Closed<br>,No,,,No,,"Street, Private Lot",,,Yes,,Divey,Loud,,,Full Bar,,,,,No,No,No,,,,,"Adult Entertainment, Dive Bars, Adult Entertainment, Dive Bars",33.773544,-84.361365,"https://s3-media2.fl.yelpcdn.com/bphoto/Wo72jj7UE4gBVe5tP_iPHQ/ls.jpg"" srcset=""https://s3-media2.fl.yelpcdn.com/bphoto/Wo72jj7UE4gBVe5tP_iPHQ/258s.jpg 1.03x,https://s3-media2.fl.yelpcdn.com/bphoto/Wo72jj7UE4gBVe5tP_iPHQ/348s.jpg 1.39x,https://s3-media2.fl.yelpcdn.com/bphoto/Wo72jj7UE4gBVe5tP_iPHQ/300s.jpg 1.20x",http://www.yelp.com/biz/clermont-lounge-atlanta?osq=Adult+Entertainment,,,,,,
,,,,,,,,,,,,,,,,,,,,,,,,,,,,,,,,,,,,,,,,,,,,,,,,,,,,,
Magic City,241 Forsyth St SW,Atlanta,GA,30303,,Downtown,(404) 584-5847,"Adult Entertainment Performers. Alcoholic beverages and food.Learn more about Magic City, Opens a popupSpecialtiesAdult Entertainment Performers. Alcoholic beverages and food.HistoryEstablished in 1985.Magic City has become an international brand, lifestyle and city landmark. we are an adult entertainment establishment notorious for featuring the sexiest and most exotic blend of voluptuous ladies, not to mention also having some of the best food in the city. Over the past 28 years in business, we have built a reputation as the only name in Atlanta for adult fun and entertainment. Our Mission is simple: We strive to offer our guests an Exclusive atmosphere, Exceptional Service and a Distinct experience.",,Yes,No,3.5 star rating,70 reviews,http://www.magiccity.com/,Pricey,Mon 3:00 pm - 3:00 am<br>Tue 3:00 pm - 3:00 am<br>Wed 3:00 pm - 3:00 am<br>Thu 3:00 pm - 3:00 am<br>Fri 3:00 pm - 3:00 am<br>Sat 3:00 pm - 3:00 am<br>Sun Closed<br>,,,,Yes,,Private Lot,,,Yes,,,Very Loud,,,Full Bar,,,,,No,,Yes,,,,,"Adult Entertainment, Adult Entertainment",33.748264,-84.397312,"https://s3-media1.fl.yelpcdn.com/bphoto/UzRNMB62_z6i4omhUlzreA/ls.jpg"" srcset=""https://s3-media1.fl.yelpcdn.com/bphoto/UzRNMB62_z6i4omhUlzreA/258s.jpg 1.03x,https://s3-media1.fl.yelpcdn.com/bphoto/UzRNMB62_z6i4omhUlzreA/348s.jpg 1.39x,https://s3-media1.fl.yelpcdn.com/bphoto/UzRNMB62_z6i4omhUlzreA/300s.jpg 1.20x",http://www.yelp.com/biz/magic-city-atlanta?osq=Adult+Entertainment,,,,,,
Pink Pony,1837 Corporate Blvd NE,Atlanta,GA,30329,,,(404) 634-6396,"Adult entertainment with full dining menu.Learn more about Pink Pony, Opens a popupSpecialtiesAdult entertainment with full dining menu.",,Yes,No,3.5 star rating,73 reviews,,Moderate,Mon 11:00 am - 4:00 am<br>Tue 11:00 am - 4:00 am<br>Wed 11:00 am - 4:00 am<br>Thu 11:00 am - 4:00 am<br>Fri 11:00 am - 4:00 am<br>Sat 1:00 pm - 3:00 am<br>Sun 1:00 pm - 3:00 am<br>,,,,Yes,,Private Lot,,,Yes,,Casual,Very Loud,,,Full Bar,,,,,No,,Yes,,,,,"Adult Entertainment, Adult Entertainment",33.834918,-84.337084,"https://s3-media3.fl.yelpcdn.com/bphoto/WMLGQayuenkr1ZVG7DGYrw/ls.jpg"" srcset=""https://s3-media3.fl.yelpcdn.com/bphoto/WMLGQayuenkr1ZVG7DGYrw/258s.jpg 1.03x,https://s3-media3.fl.yelpcdn.com/bphoto/WMLGQayuenkr1ZVG7DGYrw/348s.jpg 1.39x,https://s3-media3.fl.yelpcdn.com/bphoto/WMLGQayuenkr1ZVG7DGYrw/300s.jpg 1.20x",http://www.yelp.com/biz/pink-pony-atlanta?osq=Adult+Entertainment,,,,,,
Blue Flame Lounge,1097 Harwell Rd NW,Atlanta,GA,30318,,,(404) 794-1446,"True Adult Entertainment with the FINEST selection of women in Atlanta.www.theblueflamelounge.comLearn more about Blue Flame Lounge, Opens a popupSpecialtiesTrue Adult Entertainment with the FINEST selection of women in Atlanta.www.theblueflamelounge.comHistoryEstablished in 1983.The First Adult Entertainment on the westside Atlanta. A family owned and operated establishment.Meet the Manager",,Yes,No,3.5 star rating,24 reviews,http://www.theblueflamelounge.com,Moderate,Mon 12:00 pm - 3:00 am<br>Tue 12:00 pm - 3:00 am<br>Wed 12:00 pm - 3:00 am<br>Thu 12:00 pm - 3:00 am<br>Fri 12:00 pm - 3:00 am<br>Sat 12:00 pm - 3:00 am<br>Sun Closed<br>,,,,Yes,,Private Lot,Yes,,Yes,,,Very Loud,,,Full Bar,,,,,No,,Yes,,,,,"Adult Entertainment, Adult Entertainment",33.785200,-84.491116,"https://s3-media4.fl.yelpcdn.com/bphoto/EHJhCDuOfU873vRcn3nY_w/ls.jpg"" srcset=""https://s3-media4.fl.yelpcdn.com/bphoto/EHJhCDuOfU873vRcn3nY_w/258s.jpg 1.03x,https://s3-media4.fl.yelpcdn.com/bphoto/EHJhCDuOfU873vRcn3nY_w/348s.jpg 1.39x,https://s3-media4.fl.yelpcdn.com/bphoto/EHJhCDuOfU873vRcn3nY_w/300s.jpg 1.20x",http://www.yelp.com/biz/blue-flame-lounge-atlanta?osq=Adult+Entertainment,,,,,,
Onyx,1888 Cheshire Bridge Rd,Atlanta,GA,30324,,Morningside / Lenox Park,(404) 876-9992,,,Yes,No,3.5 star rating,54 reviews,,Moderate,Mon 11:30 am - 3:00 am<br>Tue 11:30 am - 3:00 am<br>Wed 11:30 am - 3:00 am<br>Thu 11:30 am - 3:00 am<br>Fri 11:30 am - 3:00 am<br>Sat 1:00 pm - 3:00 am<br>Sun Closed<br>,,,,Yes,,"Valet, Private Lot",,,Yes,,Casual,Very Loud,,,Full Bar,,,,,No,,Yes,,,,,"Adult Entertainment, Dance Clubs, Adult Entertainment, Dance Clubs",33.810450,-84.361170,"https://s3-media1.fl.yelpcdn.com/bphoto/90uQRhjibaXo_6rAlLd-Kg/ls.jpg"" srcset=""https://s3-media1.fl.yelpcdn.com/bphoto/90uQRhjibaXo_6rAlLd-Kg/258s.jpg 1.03x,https://s3-media1.fl.yelpcdn.com/bphoto/90uQRhjibaXo_6rAlLd-Kg/348s.jpg 1.39x,https://s3-media1.fl.yelpcdn.com/bphoto/90uQRhjibaXo_6rAlLd-Kg/300s.jpg 1.20x",http://www.yelp.com/biz/onyx-atlanta-2?osq=Adult+Entertainment,,,,,,
Mardi Gras Atlanta,6300 Powers Ferry Rd NW,Atlanta,GA,30339,,,(770) 955-1638,,,Yes,No,3.5 star rating,13 reviews,http://www.mardigrasatl.com,Moderate,Mon 11:30 am - 3:00 am<br>Tue 11:30 am - 3:00 am<br>Wed 11:30 am - 3:00 am<br>Thu 11:30 am - 3:00 am<br>Fri 11:30 am - 3:00 am<br>Sat 1:00 pm - 3:00 am<br>Sun Closed<br>,,,,Yes,,Valet,,,Yes,,,Very Loud,,,Full Bar,,,,,No,,Yes,,,,,"Adult Entertainment, Adult Entertainment",33.905992,-84.427770,"https://s3-media4.fl.yelpcdn.com/bphoto/G_LxWHW7YfT6CwcFTzGUJQ/ls.jpg"" srcset=""https://s3-media4.fl.yelpcdn.com/bphoto/G_LxWHW7YfT6CwcFTzGUJQ/258s.jpg 1.03x,https://s3-media4.fl.yelpcdn.com/bphoto/G_LxWHW7YfT6CwcFTzGUJQ/348s.jpg 1.39x,https://s3-media4.fl.yelpcdn.com/bphoto/G_LxWHW7YfT6CwcFTzGUJQ/300s.jpg 1.20x",http://www.yelp.com/biz/mardi-gras-atlanta-atlanta?osq=Adult+Entertainment,,,,,,
Follies,4075 Buford Hwy NE,Atlanta,GA,30345,,,(404) 248-9979,,,Yes,No,2.5 star rating,47 reviews,,Moderate,Mon 12:00 pm - 3:00 am<br>Tue 12:00 pm - 3:00 am<br>Wed 12:00 pm - 3:00 am<br>Thu 12:00 pm - 3:00 am<br>Fri 12:00 pm - 3:00 am<br>Sat 12:00 pm - 3:00 am<br>Sun 12:00 pm - 3:00 am<br>,,,,Yes,,Valet,,,Yes,,Casual,Loud,,Yes,Full Bar,,,,,No,,Yes,,,,,"Adult Entertainment, Adult Entertainment",33.862035,-84.306655,"https://s3-media3.fl.yelpcdn.com/bphoto/PnujyuEc3F61Aneyy2oOAQ/ls.jpg"" srcset=""https://s3-media3.fl.yelpcdn.com/bphoto/PnujyuEc3F61Aneyy2oOAQ/258s.jpg 1.03x,https://s3-media3.fl.yelpcdn.com/bphoto/PnujyuEc3F61Aneyy2oOAQ/348s.jpg 1.39x,https://s3-media3.fl.yelpcdn.com/bphoto/PnujyuEc3F61Aneyy2oOAQ/300s.jpg 1.20x",http://www.yelp.com/biz/follies-atlanta?osq=Adult+Entertainment,,,,,,
Trapeze,4470 Commerce Dr SW,Atlanta,GA,30336,,,(404) 699-0100,"You'll find the alternative lifestyle at its finest at Trapeze. Dance, play or just sit back and watch! Mix and mingle on our high-energy dance floor.At the Bar and on the dance …Learn more about Trapeze, Opens a popupSpecialtiesYou'll find the alternative lifestyle at its finest at Trapeze. Dance, play or just sit back and watch! Mix and mingle on our high-energy dance floor.At the Bar and on the dance floor, then move to a beautiful, dimly lit INTIMATE LOUNGE with open and private rooms, three spacious jacuzzis with posh comfortable setting in a lavish, plush surrounding.Trapeze caters to sensually erotic couples and singles. Our goal is to provide a clean, no-pressure environment where fun, passion, romance, incredible excitement and more are all possible in a first class atmosphere. The staff and management are always available to insure your experience at our club will always be a memorable.Our amenities include: complete BYOB bar service, state of the art lighting and sound systems, open party rooms, private rooms, a beautifully appointed back lounge area, private lockers, showers, valet parking and much, much more. A party atmosphere beyond your wildest imagination.HistoryEstablished in 1998.Trapeze was established to cater to the alternative lifestyle.Meet the Business Owner",Trapeze C.,Yes,No,4.0 star rating,15 reviews,http://www.trapezeclub.com,Pricey,Mon 8:00 pm - 1:00 am<br>Tue Closed<br>Wed 8:00 pm - 3:00 am<br>Thu 8:00 pm - 3:00 am<br>Fri 8:00 pm - 4:00 am<br>Sat 8:00 pm - 4:00 am<br>Sun 8:00 pm - 3:00 am<br>,,,,Yes,,Valet,,,Yes,,Intimate,Loud,DJ,,No,,"Fri, Sat, Sun",Yes,,No,,Yes,,,,,"Adult Entertainment, Adult Entertainment",33.761096,-84.533283,"https://s3-media1.fl.yelpcdn.com/bphoto/zaif5eUJbhSb4lFp2RPjnQ/ls.jpg"" srcset=""https://s3-media1.fl.yelpcdn.com/bphoto/zaif5eUJbhSb4lFp2RPjnQ/258s.jpg 1.03x,https://s3-media1.fl.yelpcdn.com/bphoto/zaif5eUJbhSb4lFp2RPjnQ/348s.jpg 1.39x,https://s3-media1.fl.yelpcdn.com/bphoto/zaif5eUJbhSb4lFp2RPjnQ/300s.jpg 1.20x",http://www.yelp.com/biz/trapeze-atlanta?osq=Adult+Entertainment,,,,,,
Swinging Richards,1400 Northside Dr NW,Atlanta,GA,30318,,Westside / Home Park,(404) 352-0532,"For more than fifteen years, Swinging Richards has been the destination of choice for gay men seeking the best in adult entertainment.Our fully nude strip show offer a …Learn more about Swinging Richards, Opens a popupSpecialtiesFor more than fifteen years, Swinging Richards has been the destination of choice for gay men seeking the best in adult entertainment.Our fully nude strip show offer a one-of-a-kind experience. SR's upscale, state-of-the-art club brings men from all over the world to Atlanta to strip down and entertain audiences from 21 to 99. In October 2011, we expanded that standard of service from Atlanta to Fort Lauderdale/Miami with the opening of our Florida location.HistoryEstablished in 1996.Our club on 1400 Northside Drive in Atlanta, has been entertaining customers for more than 15 years.Our Florida location opening recently, and will celebrate it's grand opening on Nov 25th, 2011Meet the Manager",,Yes,No,3.0 star rating,66 reviews,http://www.swingingrichards.com,Moderate,Mon 8:30 pm - 3:00 am<br>Tue 6:30 pm - 3:00 am<br>Wed 6:30 pm - 3:00 am<br>Thu 6:30 pm - 3:00 am<br>Fri 6:30 pm - 3:00 am<br>Sat 6:30 pm - 3:00 am<br>Sun Closed<br>,No,,,Yes,,Private Lot,,,Yes,,Casual,Average,,,Full Bar,,,,,No,,Yes,,,,,"Adult Entertainment, Gay Bars, Adult Entertainment, Gay Bars",33.792875,-84.408192,"https://s3-media3.fl.yelpcdn.com/bphoto/lJEw8KYqhEvDAojBhp3P1A/ls.jpg"" srcset=""https://s3-media3.fl.yelpcdn.com/bphoto/lJEw8KYqhEvDAojBhp3P1A/258s.jpg 1.03x,https://s3-media3.fl.yelpcdn.com/bphoto/lJEw8KYqhEvDAojBhp3P1A/348s.jpg 1.39x,https://s3-media3.fl.yelpcdn.com/bphoto/lJEw8KYqhEvDAojBhp3P1A/300s.jpg 1.20x",http://www.yelp.com/biz/swinging-richards-atlanta-2?osq=Adult+Entertainment,,,,,,
Peaches Of Atlanta,779 Ralph David Abernathy Blvd,Atlanta,GA,30310,,West End,(404) 758-4099,,,Yes,No,3.5 star rating,8 reviews,http://www.peachesatlanta.com,Moderate,Mon 12:00 pm - 3:00 am<br>Tue 12:00 pm - 3:00 am<br>Wed 12:00 pm - 3:00 am<br>Thu 12:00 pm - 3:00 am<br>Fri 12:00 pm - 3:00 am<br>Sat Closed<br>Sun Closed<br>,,,,No,,,,,Yes,,,Loud,DJ,No,Full Bar,Yes,,,,No,,Yes,,,,,"Adult Entertainment, Adult Entertainment",33.738225,-84.413194,"https://s3-media2.fl.yelpcdn.com/bphoto/X8XaRpoeBvUsXjUdUq99GQ/ls.jpg"" srcset=""https://s3-media2.fl.yelpcdn.com/bphoto/X8XaRpoeBvUsXjUdUq99GQ/258s.jpg 1.03x,https://s3-media2.fl.yelpcdn.com/bphoto/X8XaRpoeBvUsXjUdUq99GQ/348s.jpg 1.39x,https://s3-media2.fl.yelpcdn.com/bphoto/X8XaRpoeBvUsXjUdUq99GQ/300s.jpg 1.20x",http://www.yelp.com/biz/peaches-of-atlanta-atlanta?osq=Adult+Entertainment,,,,,,
,,,,,,,,,,,,,,,,,,,,,,,,,,,,,,,,,,,,,,,,,,,,,,,,,,,,,
Goosebumps,134 Baker St NE,Atlanta,GA,30308,,Downtown,(404) 521-2577,"Goosebumps Gentlemen's Club for the Epicurean Lifestyle. We offer cigars, cocktails, cuisine, and entertainment for the Ultimate Gentlemen's Club Experience!Learn more about Goosebumps, Opens a popupSpecialtiesGoosebumps Gentlemen's Club for the Epicurean Lifestyle. We offer cigars, cocktails, cuisine, and entertainment for the Ultimate Gentlemen's Club Experience!",,Yes,No,2.5 star rating,11 reviews,,Moderate,Mon 2:00 pm - 3:00 am<br>Tue 2:00 pm - 3:00 am<br>Wed 2:00 pm - 3:00 am<br>Thu 2:00 pm - 3:00 am<br>Fri 2:00 pm - 3:00 am<br>Sat 4:00 pm - 3:00 am<br>Sun Closed<br>,,,,Yes,,,,,Yes,,,,,,Full Bar,,,,,No,,Yes,,,,,"Adult Entertainment, Dance Clubs, Adult Entertainment, Dance Clubs",33.762430,-84.383038,"https://s3-media2.fl.yelpcdn.com/bphoto/vvWeLZgwpX3kj24qu4v7Jg/ls.jpg"" srcset=""https://s3-media2.fl.yelpcdn.com/bphoto/vvWeLZgwpX3kj24qu4v7Jg/258s.jpg 1.03x,https://s3-media2.fl.yelpcdn.com/bphoto/vvWeLZgwpX3kj24qu4v7Jg/348s.jpg 1.39x,https://s3-media2.fl.yelpcdn.com/bphoto/vvWeLZgwpX3kj24qu4v7Jg/300s.jpg 1.20x",http://www.yelp.com/biz/goosebumps-atlanta?osq=Adult+Entertainment,,,,,,
Southern Nights Adult Video,2205 Cheshire Bridge,Atlanta,GA,30324,,,(404) 728-0701,,,Yes,No,4.0 star rating,5 reviews,,Pricey,Mon Open 24 hours<br>Tue Open 24 hours<br>Wed Open 24 hours<br>Thu Open 24 hours<br>Fri Open 24 hours<br>Sat Open 24 hours<br>Sun Open 24 hours<br>,,,,Yes,,Private Lot,,,Yes,,,,,,No,,,,,No,,,,,,,"Adult Entertainment, Adult Entertainment",33.815086,-84.352599,"https://s3-media1.fl.yelpcdn.com/bphoto/e6GbIQV8gd4WvBpx3WTSuA/ls.jpg"" srcset=""https://s3-media1.fl.yelpcdn.com/bphoto/e6GbIQV8gd4WvBpx3WTSuA/258s.jpg 1.03x,https://s3-media1.fl.yelpcdn.com/bphoto/e6GbIQV8gd4WvBpx3WTSuA/348s.jpg 1.39x,https://s3-media1.fl.yelpcdn.com/bphoto/e6GbIQV8gd4WvBpx3WTSuA/300s.jpg 1.20x",http://www.yelp.com/biz/southern-nights-adult-video-atlanta?osq=Adult+Entertainment,,,,,,
Tattletale Lounge,2075 Piedmont Rd NE,Atlanta,GA,30324,,Morningside / Lenox Park,(404) 873-2294,,,Yes,No,2.5 star rating,9 reviews,http://www.tattletaleatlanta.com,Moderate,Mon 3:00 pm - 3:00 am<br>Tue 3:00 pm - 3:00 am<br>Wed 3:00 pm - 3:00 am<br>Thu 3:00 pm - 3:00 am<br>Fri 3:00 pm - 3:00 am<br>Sat 3:00 pm - 3:00 am<br>Sun Closed<br>,No,,,Yes,,Valet,,,Yes,,,Very Loud,,,Full Bar,,,,,No,Paid,No,,,,,"Adult Entertainment, Bars, Adult Entertainment, Bars",33.811853,-84.366379,"https://s3-media4.fl.yelpcdn.com/bphoto/23o0Ul3vceDYLpliIeJF-A/ls.jpg"" srcset=""https://s3-media4.fl.yelpcdn.com/bphoto/23o0Ul3vceDYLpliIeJF-A/258s.jpg 1.03x,https://s3-media4.fl.yelpcdn.com/bphoto/23o0Ul3vceDYLpliIeJF-A/348s.jpg 1.39x,https://s3-media4.fl.yelpcdn.com/bphoto/23o0Ul3vceDYLpliIeJF-A/300s.jpg 1.20x",http://www.yelp.com/biz/tattletale-lounge-atlanta?osq=Adult+Entertainment,,,,,,
Club Babes Atlanta,304 Fulton Industrial Cir,Atlanta,GA,30336,,,(404) 691-7636,,,Yes,No,3.0 star rating,7 reviews,http://www.clubbabesatlanta.com,Moderate,Mon 12:00 pm - 4:00 am<br>Tue 12:00 pm - 4:00 am<br>Wed 12:00 pm - 4:00 am<br>Thu 12:00 pm - 4:00 am<br>Fri 12:00 pm - 4:00 am<br>Sat 12:00 pm - 3:00 am<br>Sun Closed<br>,,,,Yes,,"Valet, Private Lot",,,Yes,,Casual,Loud,,,Full Bar,,,,,No,,Yes,,,,,"Adult Entertainment, Adult Entertainment",33.765473,-84.533175,"https://s3-media3.fl.yelpcdn.com/bphoto/FZW_9RFwuyrp74xgNS4QlA/ls.jpg"" srcset=""https://s3-media3.fl.yelpcdn.com/bphoto/FZW_9RFwuyrp74xgNS4QlA/258s.jpg 1.03x,https://s3-media3.fl.yelpcdn.com/bphoto/FZW_9RFwuyrp74xgNS4QlA/348s.jpg 1.39x,https://s3-media3.fl.yelpcdn.com/bphoto/FZW_9RFwuyrp74xgNS4QlA/300s.jpg 1.20x",http://www.yelp.com/biz/club-babes-atlanta?osq=Adult+Entertainment,,,,,,
Kamal’s 21,1905 Piedmont Rd,Atlanta,GA,30324,,Morningside / Lenox Park,(404) 892-0063,,,Yes,No,3.0 star rating,2 reviews,http://kamals21atl.ning.com/,Moderate,Mon 12:00 pm - 3:00 am<br>Tue 12:00 pm - 3:00 am<br>Wed 12:00 pm - 3:00 am<br>Thu 12:00 pm - 3:00 am<br>Fri 12:00 pm - 3:00 am<br>Sat Closed<br>Sun Closed<br>,Yes,,,Yes,,,,,Yes,,,Loud,,,Full Bar,,,,,No,Free,Yes,,,,,"Adult Entertainment, Sports Bars, Adult Entertainment, Sports Bars",33.809732,-84.365519,"https://s3-media3.fl.yelpcdn.com/bphoto/KSs7tygF1mm6WP3DWF8wkw/ls.jpg"" srcset=""https://s3-media3.fl.yelpcdn.com/bphoto/KSs7tygF1mm6WP3DWF8wkw/258s.jpg 1.03x,https://s3-media3.fl.yelpcdn.com/bphoto/KSs7tygF1mm6WP3DWF8wkw/348s.jpg 1.39x,https://s3-media3.fl.yelpcdn.com/bphoto/KSs7tygF1mm6WP3DWF8wkw/300s.jpg 1.20x",http://www.yelp.com/biz/kamals-21-atlanta?osq=Adult+Entertainment,$10 for $20 Deal at Kamal's 21,You get a voucher redeemable for $20 at Kamal's 21.,$20,50%,$10,https://www.yelp.com/checkout/deal/GqIyuvFvhEX_JlQuFmH5_Q?biz_id=M6qM7eY2oIp3R42zNml1Cw&return_url=%2Fbiz%2Fkamals-21-atlanta
The Loft,925 Bowen St NW,Atlanta,GA,30318,,,(770) 861-3990,,,Yes,No,2.5 star rating,4 reviews,,Inexpensive,Mon Closed<br>Tue 12:00 pm - 4:00 pm<br>Wed 12:00 pm - 4:00 pm<br>9:00 pm - 2:00 am<br>Thu 12:00 pm - 4:00 pm<br>9:00 pm - 2:00 am<br>Fri 9:00 pm - 4:00 am<br>Sat 12:00 pm - 4:00 pm<br>9:00 pm - 4:00 am<br>Sun 9:00 pm - 3:00 am<br>,,,,No,,,,,Yes,,Casual,Loud,"DJ, Background",Yes,No,No,"Fri, Sat",No,Outdoor Area / Patio Only,Yes,,Yes,,,,,"Dance Clubs, Adult Entertainment, Dance Clubs, Adult Entertainment",33.797192,-84.418001,"https://s3-media2.fl.yelpcdn.com/bphoto/1KDfGOAJt_CdPqrBmzT3gw/ls.jpg"" srcset=""https://s3-media2.fl.yelpcdn.com/bphoto/1KDfGOAJt_CdPqrBmzT3gw/258s.jpg 1.03x,https://s3-media2.fl.yelpcdn.com/bphoto/1KDfGOAJt_CdPqrBmzT3gw/348s.jpg 1.39x,https://s3-media2.fl.yelpcdn.com/bphoto/1KDfGOAJt_CdPqrBmzT3gw/300s.jpg 1.20x",http://www.yelp.com/biz/the-loft-atlanta-2?osq=Adult+Entertainment,,,,,,
,,,,,,,,,,,,,,,,,,,,,,,,,,,,,,,,,,,,,,,,,,,,,,,,,,,,,
Doll House,5275-A Roswell Rd N E,Sandy Springs,GA,30342,,,(404) 847-1111,"Newly remodeled and freshly moved to our brand new location! Excellent service with a friendly and upscale atmosphere. An extensive drink and champagne selection, two large stages, …Learn more about Doll House, Opens a popupSpecialtiesNewly remodeled and freshly moved to our brand new location! Excellent service with a friendly and upscale atmosphere. An extensive drink and champagne selection, two large stages, spacious VIP rooms, and some of the most beautiful women the south has to offer! For so many years, Doll House has provided Atlanta with the very best in fully nude adult entertainment. Come join us at our new location and experience the difference in Atlanta's night life!HistoryEstablished in 1994.Since 1994 Doll House remained a staple on Cheshire Bridge Road. We have recently moved on to bigger and better things and can now be found at our brand new location at 5275-A Roswell Road, Sandy Springs, GA 30342.",,Yes,No,4.0 star rating,11 reviews,http://dollhouseatl.com,Moderate,Mon 3:30 pm - 2:30 am<br>Tue 3:30 pm - 2:30 am<br>Wed 3:30 pm - 2:30 am<br>Thu 3:30 pm - 2:30 am<br>Fri 3:30 pm - 2:30 am<br>Sat 3:30 pm - 2:30 am<br>Sun Closed<br>,,,,Yes,,"Valet, Private Lot",,,Yes,,Casual,Average,,,Full Bar,,,,,No,,Yes,,,,,"Adult Entertainment, Adult Entertainment",33.899266,-84.380945,"https://s3-media1.fl.yelpcdn.com/bphoto/lUDMPw2jzKmdxuI6y6vmcQ/ls.jpg"" srcset=""https://s3-media1.fl.yelpcdn.com/bphoto/lUDMPw2jzKmdxuI6y6vmcQ/258s.jpg 1.03x,https://s3-media1.fl.yelpcdn.com/bphoto/lUDMPw2jzKmdxuI6y6vmcQ/348s.jpg 1.39x,https://s3-media1.fl.yelpcdn.com/bphoto/lUDMPw2jzKmdxuI6y6vmcQ/300s.jpg 1.20x",http://www.yelp.com/biz/doll-house-sandy-springs?osq=Adult+Entertainment,,,,,,
Steamy Maids,,Atlanta,GA,30303,,Downtown,(404) 793-8906,,,Yes,No,,,http://www.steamymaids.com,,Mon 10:00 am - 12:00 am<br>Tue 10:00 am - 12:00 am<br>Wed 10:00 am - 12:00 am<br>Thu 10:00 am - 12:00 am<br>Fri 10:00 am - 12:00 am<br>Sat 10:00 am - 12:00 am<br>Sun 10:00 am - 11:00 pm<br>,,,,Yes,,,No,,,,,,,,No,No,,No,,No,,No,,,,Yes,"Adult Entertainment, Home Cleaning, Massage, Adult Entertainment, Home Cleaning, Massage",,,"https://s3-media2.fl.yelpcdn.com/bphoto/y0TQKCSYPTyJmw6DlpU1Pg/ls.jpg"" srcset=""https://s3-media2.fl.yelpcdn.com/bphoto/y0TQKCSYPTyJmw6DlpU1Pg/258s.jpg 1.03x,https://s3-media2.fl.yelpcdn.com/bphoto/y0TQKCSYPTyJmw6DlpU1Pg/348s.jpg 1.39x,https://s3-media2.fl.yelpcdn.com/bphoto/y0TQKCSYPTyJmw6DlpU1Pg/300s.jpg 1.20x",http://www.yelp.com/biz/steamy-maids-atlanta-7?osq=Adult+Entertainment,,,,,,
V Live Atlanta,1271 Marietta Blvd NW,Atlanta,GA,30318,,,(678) 974-5831,,,Yes,No,1.5 star rating,9 reviews,,Inexpensive,Mon 3:00 pm - 3:00 am<br>Tue 3:00 pm - 3:00 am<br>Wed 3:00 pm - 3:00 am<br>Thu 3:00 pm - 3:00 am<br>Fri 3:00 pm - 3:00 am<br>Sat 3:00 pm - 3:00 am<br>Sun Closed<br>,,,,Yes,,,,,Yes,,,,DJ,,,,,,,,,,,,,,"Adult Entertainment, Adult Entertainment",33.790222,-84.428596,"https://s3-media1.fl.yelpcdn.com/bphoto/daBxko4IzD00c5sx9O7FHQ/ls.jpg"" srcset=""https://s3-media1.fl.yelpcdn.com/bphoto/daBxko4IzD00c5sx9O7FHQ/258s.jpg 1.03x,https://s3-media1.fl.yelpcdn.com/bphoto/daBxko4IzD00c5sx9O7FHQ/348s.jpg 1.39x,https://s3-media1.fl.yelpcdn.com/bphoto/daBxko4IzD00c5sx9O7FHQ/300s.jpg 1.20x",http://www.yelp.com/biz/v-live-atlanta-atlanta?osq=Adult+Entertainment,,,,,,
Club Wax,4375 Commerce Dr SW,Atlanta,GA,30336,,,(404) 696-1440,,,Yes,No,3.0 star rating,5 reviews,,Inexpensive,Mon 2:00 pm - 4:00 am<br>Tue 2:00 pm - 4:00 am<br>Wed 2:00 pm - 4:00 am<br>Thu 2:00 pm - 4:00 am<br>Fri 2:00 pm - 4:00 am<br>Sat 2:00 pm - 3:00 am<br>Sun Closed<br>,,,,Yes,,,,,Yes,,,,,,,,,,,No,,Yes,,,,,"Adult Entertainment, Adult Entertainment",33.763379,-84.532309,"https://s3-media3.fl.yelpcdn.com/bphoto/EUvJQ1Gy42m41Ympe3-rog/ls.jpg"" srcset=""https://s3-media3.fl.yelpcdn.com/bphoto/EUvJQ1Gy42m41Ympe3-rog/258s.jpg 1.03x,https://s3-media3.fl.yelpcdn.com/bphoto/EUvJQ1Gy42m41Ympe3-rog/348s.jpg 1.39x,https://s3-media3.fl.yelpcdn.com/bphoto/EUvJQ1Gy42m41Ympe3-rog/300s.jpg 1.20x",http://www.yelp.com/biz/club-wax-atlanta?osq=Adult+Entertainment,,,,,,
ATLPlay,,Atlanta,GA,30326,,Buckhead,(470) 231-8316,,,Yes,No,,,https://www.atlplay.com,,Mon Open 24 hours<br>Tue Open 24 hours<br>Wed Open 24 hours<br>Thu Open 24 hours<br>Fri Open 24 hours<br>Sat Open 24 hours<br>Sun Open 24 hours<br>,,,,Yes,,,Yes,,,,,,,,,,,,,No,,,,,,,"Adult Entertainment, Adult Entertainment",,,"https://s3-media4.fl.yelpcdn.com/bphoto/XF2InZJiPTBr_lc7jD1zOg/ls.jpg"" srcset=""https://s3-media4.fl.yelpcdn.com/bphoto/XF2InZJiPTBr_lc7jD1zOg/258s.jpg 1.03x,https://s3-media4.fl.yelpcdn.com/bphoto/XF2InZJiPTBr_lc7jD1zOg/348s.jpg 1.39x,https://s3-media4.fl.yelpcdn.com/bphoto/XF2InZJiPTBr_lc7jD1zOg/300s.jpg 1.20x",http://www.yelp.com/biz/atlplay-atlanta?osq=Adult+Entertainment,$180 for $200 Deal at ATLPlay,You get a voucher redeemable for $200 at ATLPlay.,$200,10%,$20,https://www.yelp.com/checkout/deal/JwoPZ3jqeSBE2MAKK6w1hw?biz_id=Amu1QOuwTYVQ0GrBNt7tCg&return_url=%2Fbiz%2Fatlplay-atlanta
,,,,,,,,,,,,,,,,,,,,,,,,,,,,,,,,,,,,,,,,,,,,,,,,,,,,,
Peek A Boo,1907 Piedmont Cir NE,Atlanta,GA,30324,,,(404) 748-9647,,John C.,Yes,No,1.0 star rating,1 review,,Moderate,Mon Open 24 hours<br>Tue Open 24 hours<br>Wed Open 24 hours<br>Thu Open 24 hours<br>Fri Open 24 hours<br>Sat Open 24 hours<br>Sun Open 24 hours<br>,,,,Yes,,,,,Yes,,,Average,,,Full Bar,,,,,No,,No,,,,,"Videos & Video Game Rental, Adult Entertainment, Videos & Video Game Rental, Adult Entertainment",33.808982,-84.366426,"https://s3-media3.fl.yelpcdn.com/bphoto/fOB1WFqn1KAoij8vPTPsVQ/ls.jpg"" srcset=""https://s3-media3.fl.yelpcdn.com/bphoto/fOB1WFqn1KAoij8vPTPsVQ/258s.jpg 1.03x,https://s3-media3.fl.yelpcdn.com/bphoto/fOB1WFqn1KAoij8vPTPsVQ/348s.jpg 1.39x,https://s3-media3.fl.yelpcdn.com/bphoto/fOB1WFqn1KAoij8vPTPsVQ/300s.jpg 1.20x",http://www.yelp.com/biz/peek-a-boo-atlanta?osq=Adult+Entertainment,,,,,,
Scores Atlanta Gentlemen’s Club,1715 Northside Dr NW,Atlanta,GA,30318,,,(404) 355-6787,,,Yes,No,,,http://www.scoresatlanta.com,,Mon 12:00 pm - 3:00 am<br>Tue 12:00 pm - 3:00 am<br>Wed 12:00 pm - 3:00 am<br>Thu 12:00 pm - 3:00 am<br>Fri 12:00 pm - 3:00 am<br>Sat 12:00 pm - 3:00 am<br>Sun Closed<br>,,,,Yes,,,Yes,,Yes,,,,,,,,,,,,,,,,,,"Adult Entertainment, Adult Entertainment",33.801778,-84.407111,"https://s3-media2.fl.yelpcdn.com/bphoto/TXcvN_aWvF2wBhus8MOkmA/ls.jpg"" srcset=""https://s3-media2.fl.yelpcdn.com/bphoto/TXcvN_aWvF2wBhus8MOkmA/258s.jpg 1.03x,https://s3-media2.fl.yelpcdn.com/bphoto/TXcvN_aWvF2wBhus8MOkmA/348s.jpg 1.39x,https://s3-media2.fl.yelpcdn.com/bphoto/TXcvN_aWvF2wBhus8MOkmA/300s.jpg 1.20x",http://www.yelp.com/biz/scores-atlanta-gentlemens-club-atlanta?osq=Adult+Entertainment,,,,,,
Topshelf Entertainment,1425 Market Blvd Ste 330-55,Atlanta,GA,30303,,Downtown,(770) 640-6008,,CIndy S.,Yes,No,1.0 star rating,1 review,http://www.atlantastripper.com,Moderate,Mon 10:00 am - 7:00 pm<br>Tue 10:00 am - 7:00 pm<br>Wed 10:00 am - 7:00 pm<br>Thu 10:00 am - 7:00 pm<br>Fri 10:00 am - 7:00 pm<br>Sat 12:00 pm - 9:00 pm<br>Sun Closed<br>,,,,Yes,,,,,Yes,,,,,,No,,,,,No,,No,,,,,"Adult Entertainment, Adult Entertainment",33.753746,-84.389763,"https://s3-media1.fl.yelpcdn.com/bphoto/G3zq80_nXgn9w2cx4F_jsg/ls.jpg"" srcset=""https://s3-media1.fl.yelpcdn.com/bphoto/G3zq80_nXgn9w2cx4F_jsg/258s.jpg 1.03x,https://s3-media1.fl.yelpcdn.com/bphoto/G3zq80_nXgn9w2cx4F_jsg/348s.jpg 1.39x,https://s3-media1.fl.yelpcdn.com/bphoto/G3zq80_nXgn9w2cx4F_jsg/300s.jpg 1.20x",http://www.yelp.com/biz/topshelf-entertainment-atlanta-3?osq=Adult+Entertainment,,,,,,
,,,,,,,,,,,,,,,,,,,,,,,,,,,,,,,,,,,,,,,,,,,,,,,,,,,,,
Dream’s Gentlemen’s Club,1715 Northside Dr NW,Atlanta,GA,30318,,,(404) 355-6787,,,Yes,No,2.5 star rating,5 reviews,http://www.dreamsatlanta.com,,Mon 12:00 pm - 3:00 am<br>Tue 12:00 pm - 3:00 am<br>Wed 12:00 pm - 3:00 am<br>Thu 12:00 pm - 3:00 am<br>Fri 12:00 pm - 3:00 am<br>Sat 12:00 pm - 3:00 am<br>Sun Closed<br>,,,,Yes,,,,,,,,,DJ,No,,,,No,,,,,,,,,"Adult Entertainment, Adult Entertainment",33.801787,-84.407120,,http://www.yelp.com/biz/dreams-gentlemens-club-atlanta?osq=Adult+Entertainment,,,,,,
Fannie’s Cabaret,4401 Fulton Industrial Blvd,Atlanta,GA,30336,,,(404) 696-8355,,,Yes,No,3.5 star rating,2 reviews,http://fanniescabaretatl.net,,Mon 12:00 pm - 4:00 am<br>Tue 12:00 pm - 4:00 am<br>Wed 12:00 pm - 4:00 am<br>Thu 12:00 pm - 4:00 am<br>Fri 12:00 pm - 4:00 am<br>Sat 12:00 pm - 3:00 am<br>Sun Closed<br>,,,,,,,,,Yes,,,,,,,,,,,,,,,,,,"Adult Entertainment, Adult Entertainment",33.765018,-84.532493,"https://s3-media4.fl.yelpcdn.com/bphoto/dXEDtZnNO_fmYjRcvjxDmw/ls.jpg"" srcset=""https://s3-media4.fl.yelpcdn.com/bphoto/dXEDtZnNO_fmYjRcvjxDmw/258s.jpg 1.03x,https://s3-media4.fl.yelpcdn.com/bphoto/dXEDtZnNO_fmYjRcvjxDmw/348s.jpg 1.39x,https://s3-media4.fl.yelpcdn.com/bphoto/dXEDtZnNO_fmYjRcvjxDmw/300s.jpg 1.20x",http://www.yelp.com/biz/fannies-cabaret-atlanta?osq=Adult+Entertainment,,,,,,
Manifest 4U,2103 Faulkner Rd NE,Atlanta,GA,30324,,,(404) 549-2815,,,Yes,No,1.5 star rating,2 reviews,http://www.Manifest4U.org,,Mon Closed<br>Tue Closed<br>Wed 8:00 pm - 1:00 am<br>Thu 9:00 pm - 4:00 am<br>Fri 9:00 pm - 6:00 am<br>Sat 9:00 pm - 6:00 am<br>Sun 9:00 pm - 4:00 am<br>,,,,Yes,,"Street, Private Lot",,,,,,,,,No,,,,,No,,,,,,,"Community Service/Non-Profit, Adult Entertainment, Dance Clubs, Gay Bars, Dance Clubs, Gay Bars, American (New), Gay Bars, Leather Goods, Adult, Community Service/Non-Profit, Adult Entertainment",33.812488,-84.356899,"https://s3-media2.fl.yelpcdn.com/bphoto/cbQMLcPAPnH9eeDyLzqiVw/ls.jpg"" srcset=""https://s3-media2.fl.yelpcdn.com/bphoto/cbQMLcPAPnH9eeDyLzqiVw/258s.jpg 1.03x,https://s3-media2.fl.yelpcdn.com/bphoto/cbQMLcPAPnH9eeDyLzqiVw/348s.jpg 1.39x,https://s3-media2.fl.yelpcdn.com/bphoto/cbQMLcPAPnH9eeDyLzqiVw/300s.jpg 1.20x",http://www.yelp.com/biz/manifest-4u-atlanta?osq=Adult+Entertainment,,,,,,
Girls-R-Fun,1541 Northside Dr,Atlanta,GA,30318,,Westside / Home Park,(404) 351-4220,,,Yes,No,1.0 star rating,1 review,,,,,,,,,,,,,,,,,,,,,,,,,,,,,,"Adult Entertainment, Adult Entertainment",33.796978,-84.407520,,http://www.yelp.com/biz/girls-r-fun-atlanta?osq=Adult+Entertainment,,,,,,
Luxuria,15 W Peachtree Pl,Atlanta,GA,30308,,Downtown,(404) 395-4000,,,Yes,No,,,http://www.luxuriaatlanta.com,,Mon Closed<br>Tue Closed<br>Wed Closed<br>Thu Closed<br>Fri Closed<br>Sat 9:00 pm - 2:00 am<br>Sun Closed<br>,,,,No,,"Valet, Garage",,,,,,,,,,,,,,Yes,,,,,,,"Adult Entertainment, Adult Entertainment",33.763996,-84.388095,"https://s3-media1.fl.yelpcdn.com/bphoto/RIP96c7aagobvABmXLjXnQ/ls.jpg"" srcset=""https://s3-media1.fl.yelpcdn.com/bphoto/RIP96c7aagobvABmXLjXnQ/258s.jpg 1.03x,https://s3-media1.fl.yelpcdn.com/bphoto/RIP96c7aagobvABmXLjXnQ/348s.jpg 1.39x,https://s3-media1.fl.yelpcdn.com/bphoto/RIP96c7aagobvABmXLjXnQ/300s.jpg 1.20x",http://www.yelp.com/biz/luxuria-atlanta-2?osq=Adult+Entertainment,,,,,,
Strokers Club,1353 Brockett Rd,Clarkston,GA,30021,,,(770) 270-0350,"Strokers Entertainment club is the Best Strip Club in Atlanta. Enjoy one of the few establishments in the nation that offers full nudity.A luxurious club where you can meet the …Learn more about Strokers Club, Opens a popupSpecialtiesStrokers Entertainment club is the Best Strip Club in Atlanta. Enjoy one of the few establishments in the nation that offers full nudity.A luxurious club where you can meet the most beautiful Black Strippers in Atlanta.We offer Hookahs, Ehookahs, and over 60 flavors ofShisha.Follow us sociallyTwitter strokersclub Instagramstrokersclubatl strokersclubFacebook strokersclubatlanta Google Plus strokersblogPinterest strokersclubVine strokersTumblr strokersatlYoutube StrokersblogVimeo StrokersclubFoursquare strokersclubLinkedin strokersclubMobli strokersclubPheed strokers",,Yes,No,3.5 star rating,39 reviews,http://www.strokersclub.com/main.php,Moderate,Mon 11:30 am - 4:00 am<br>Tue 11:30 am - 4:00 am<br>Wed 11:30 am - 4:00 am<br>Thu 11:30 am - 4:00 am<br>Fri 11:30 am - 4:00 am<br>Sat 12:00 pm - 3:00 am<br>Sun 3:00 pm - 3:00 am<br>,,,,Yes,,"Valet, Private Lot",,,Yes,,Casual,Very Loud,,,Full Bar,,,,,No,,Yes,,,,,"Adult Entertainment, Adult Entertainment",33.824189,-84.231575,"https://s3-media2.fl.yelpcdn.com/bphoto/o7Z7EbSF4mNSzU9_VfSpzQ/ls.jpg"" srcset=""https://s3-media2.fl.yelpcdn.com/bphoto/o7Z7EbSF4mNSzU9_VfSpzQ/258s.jpg 1.03x,https://s3-media2.fl.yelpcdn.com/bphoto/o7Z7EbSF4mNSzU9_VfSpzQ/348s.jpg 1.39x,https://s3-media2.fl.yelpcdn.com/bphoto/o7Z7EbSF4mNSzU9_VfSpzQ/300s.jpg 1.20x",http://www.yelp.com/biz/strokers-club-clarkston?osq=Adult+Entertainment,,,,,,
,,,,,,,,,,,,,,,,,,,,,,,,,,,,,,,,,,,,,,,,,,,,,,,,,,,,,
Pin Ups,2788 E Ponce De Leon Ave,Decatur,GA,30030,,,(404) 373-9477,,,Yes,No,3.0 star rating,36 reviews,http://atlpinups.com,Moderate,Mon 12:00 pm - 4:00 am<br>Tue 12:00 pm - 4:00 am<br>Wed 12:00 pm - 4:00 am<br>Thu 12:00 pm - 6:00 am<br>Fri 12:00 pm - 6:00 am<br>Sat 12:00 pm - 6:00 am<br>Sun 4:00 pm - 6:00 am<br>,,,,Yes,,Private Lot,,,Yes,,Casual,Average,,,Full Bar,Yes,,,,No,,Yes,,,,,"Adult Entertainment, Adult Entertainment",33.779035,-84.276916,"https://s3-media3.fl.yelpcdn.com/bphoto/CjGxK3u_GWwfy-naQNOMUA/ls.jpg"" srcset=""https://s3-media3.fl.yelpcdn.com/bphoto/CjGxK3u_GWwfy-naQNOMUA/258s.jpg 1.03x,https://s3-media3.fl.yelpcdn.com/bphoto/CjGxK3u_GWwfy-naQNOMUA/348s.jpg 1.39x,https://s3-media3.fl.yelpcdn.com/bphoto/CjGxK3u_GWwfy-naQNOMUA/300s.jpg 1.20x",http://www.yelp.com/biz/pin-ups-decatur?osq=Adult+Entertainment,,,,,,
Main Stage Gentlemen’s Club,5275-A Roswell Rd,Atlanta,GA,30342,,,(404) 847-1440,,,Yes,No,1.0 star rating,2 reviews,,Moderate,Mon Closed<br>Tue Closed<br>Wed 7:00 pm - 2:30 am<br>Thu 7:00 pm - 2:30 am<br>Fri 7:00 pm - 2:30 am<br>Sat 7:00 pm - 2:30 am<br>Sun Closed<br>,,,,Yes,,Valet,,,Yes,,,,,,Full Bar,,,,,No,,Yes,,,,,"Adult Entertainment, Bars, Adult Entertainment, Bars",33.899025,-84.380377,"https://s3-media1.fl.yelpcdn.com/bphoto/T9ltZMyUPG3e2pRvjAqOLw/ls.jpg"" srcset=""https://s3-media1.fl.yelpcdn.com/bphoto/T9ltZMyUPG3e2pRvjAqOLw/258s.jpg 1.03x,https://s3-media1.fl.yelpcdn.com/bphoto/T9ltZMyUPG3e2pRvjAqOLw/348s.jpg 1.39x,https://s3-media1.fl.yelpcdn.com/bphoto/T9ltZMyUPG3e2pRvjAqOLw/300s.jpg 1.20x",http://www.yelp.com/biz/main-stage-gentlemens-club-atlanta-2?osq=Adult+Entertainment,,,,,,
Besgirl Entertainment,3500 Lenox Rd Ste 1500,Atlanta,GA,30326,,Buckhead,(877) 968-4374,,,Yes,No,,,http://www.besgirl.com,,Mon 8:00 am - 10:00 pm<br>Tue 8:00 am - 10:00 pm<br>Wed 8:00 am - 10:00 pm<br>Thu 8:00 am - 10:00 pm<br>Fri 8:00 am - 12:00 am<br>Sat 8:00 am - 12:00 am<br>Sun 8:00 am - 10:00 pm<br>,,,,,,,,No,,,,,,,,,,,,,,,,,,,"Arts & Entertainment, Adult Entertainment, Arts & Entertainment, Adult Entertainment",33.851723,-84.365959,,http://www.yelp.com/biz/besgirl-entertainment-atlanta?osq=Adult+Entertainment,,,,,,
Atlanta Male Stripper,,Atlanta,GA,30310,,West End,(551) 579-4599,,Rico S.,Yes,No,5.0 star rating,3 reviews,http://Www.ricoxx2.com,,Mon Open 24 hours<br>Tue Open 24 hours<br>Wed Open 24 hours<br>Thu Open 24 hours<br>Fri Open 24 hours<br>Sat Open 24 hours<br>Sun Open 24 hours<br>,,,,Yes,,,,,,,,,,,,,,,,,,,,,,,"Adult Entertainment, Adult Entertainment",,,"https://s3-media1.fl.yelpcdn.com/bphoto/nkFjC4RTCuCVR1PrrBo1XQ/ls.jpg"" srcset=""https://s3-media1.fl.yelpcdn.com/bphoto/nkFjC4RTCuCVR1PrrBo1XQ/258s.jpg 1.03x,https://s3-media1.fl.yelpcdn.com/bphoto/nkFjC4RTCuCVR1PrrBo1XQ/348s.jpg 1.39x,https://s3-media1.fl.yelpcdn.com/bphoto/nkFjC4RTCuCVR1PrrBo1XQ/300s.jpg 1.20x",http://www.yelp.com/biz/atlanta-male-stripper-atlanta-4?osq=Adult+Entertainment,,,,,,
Gambino Entertainment,1576 Joseph E Boone Blvd Ste B,Atlanta,GA,30314,,,(888) 354-7662,,Gotti G.,Yes,No,,,,Pricey,Mon 9:00 am - 10:00 pm<br>Tue 9:00 am - 10:00 pm<br>Wed 9:00 am - 10:00 pm<br>Thu 9:00 am - 10:00 pm<br>Fri 9:00 am - 10:00 pm<br>Sat 9:00 am - 10:00 pm<br>Sun Closed<br>,,,,,,,,,Yes,,,,,,,,,,,,,,,,,,"Adult Entertainment, Adult Entertainment",33.763308,-84.439147,"https://s3-media3.fl.yelpcdn.com/bphoto/p3ehT_y-w7AV7JF5ZRNQSg/ls.jpg"" srcset=""https://s3-media3.fl.yelpcdn.com/bphoto/p3ehT_y-w7AV7JF5ZRNQSg/258s.jpg 1.03x,https://s3-media3.fl.yelpcdn.com/bphoto/p3ehT_y-w7AV7JF5ZRNQSg/348s.jpg 1.39x,https://s3-media3.fl.yelpcdn.com/bphoto/p3ehT_y-w7AV7JF5ZRNQSg/300s.jpg 1.20x",http://www.yelp.com/biz/gambino-entertainment-atlanta?osq=Adult+Entertainment,,,,,,
Spring Spa,1996 Manchester St,Atlanta,GA,30324,,Morningside / Lenox Park,(404) 347-1661,,,No,No,,,http://www.springspa.biz,,,,,,,,,,,,,,,,,,,,,,,,,,,,,"Massage, Adult Entertainment, Massage, Adult Entertainment",33.809302,-84.363574,"https://s3-media1.fl.yelpcdn.com/bphoto/6VIeTmRjEF47aVBlifK-OQ/ls.jpg"" srcset=""https://s3-media1.fl.yelpcdn.com/bphoto/6VIeTmRjEF47aVBlifK-OQ/258s.jpg 1.03x,https://s3-media1.fl.yelpcdn.com/bphoto/6VIeTmRjEF47aVBlifK-OQ/348s.jpg 1.39x,https://s3-media1.fl.yelpcdn.com/bphoto/6VIeTmRjEF47aVBlifK-OQ/300s.jpg 1.20x",http://www.yelp.com/biz/spring-spa-atlanta?osq=Adult+Entertainment,,,,,,
Naughty Girls Lingerie,1893 Cheshire Bridge Rd N,Atlanta,GA,30324,,Morningside / Lenox Park,(404) 872-2055,,,Yes,No,3.0 star rating,1 review,,,,,,,Yes,,,,,,,,,,,,,,,,,,,,,,,"Adult Entertainment, Adult Entertainment",33.809422,-84.360724,,http://www.yelp.com/biz/naughty-girls-lingerie-atlanta?osq=Adult+Entertainment,,,,,,
Flashers,6420 Roswell Rd,Atlanta,GA,30328,,,(404) 843-1167,,,Yes,No,2.0 star rating,7 reviews,,Moderate,Mon 12:00 pm - 2:30 am<br>Tue 12:00 pm - 2:30 am<br>Wed 12:00 pm - 2:30 am<br>Thu 12:00 pm - 2:30 am<br>Fri 12:00 pm - 2:30 am<br>Sat 12:00 pm - 2:30 am<br>Sun Closed<br>,,,,Yes,,,Yes,,Yes,,Divey,Loud,DJ,Yes,Full Bar,No,"Mon, Thu, Sat",No,Yes,No,,No,,,,,"Adult Entertainment, Adult Entertainment",33.930430,-84.379961,"https://s3-media2.fl.yelpcdn.com/bphoto/peYnpoT6cJygn8zy1CibsA/ls.jpg"" srcset=""https://s3-media2.fl.yelpcdn.com/bphoto/peYnpoT6cJygn8zy1CibsA/258s.jpg 1.03x,https://s3-media2.fl.yelpcdn.com/bphoto/peYnpoT6cJygn8zy1CibsA/348s.jpg 1.39x,https://s3-media2.fl.yelpcdn.com/bphoto/peYnpoT6cJygn8zy1CibsA/300s.jpg 1.20x",http://www.yelp.com/biz/flashers-atlanta-2?osq=Adult+Entertainment,,,,,,
Hush,5340 Roswell Rd,Atlanta,GA,30342,,,(404) 255-7779,,,No,No,,,,,,,,,,,,,,,,,,,,,,,,,,,,,,,,"Adult Entertainment, Adult Entertainment",33.900535,-84.380237,,http://www.yelp.com/biz/hush-atlanta?osq=Adult+Entertainment,,,,,,
Southern Belles,4530 Peachtree Dunwoody Rd,Atlanta,GA,30342,,,(770) 895-7009,,,No,No,,,,,,,,,,,,,,,,,,,,,,,,,,,,,,,,"Adult Entertainment, Adult Entertainment",33.878655,-84.359302,,http://www.yelp.com/biz/southern-belles-atlanta?osq=Adult+Entertainment,,,,,,
Shayks Adult Lounge,3548 Empire Blvd,Atlanta,GA,30354,,,(404) 768-2345,,,No,No,,,,,,,,,,,,,,,,,,,,,,,,,,,,,,,,"Adult Entertainment, Adult Entertainment",33.657515,-84.390794,,http://www.yelp.com/biz/shayks-adult-lounge-atlanta?osq=Adult+Entertainment,,,,,,
Coronet Club,5275-B Roswell Rd NE,Sandy Springs,GA,30342,,,(404) 250-0242,,,Yes,No,3.0 star rating,9 reviews,http://www.coronetclubatl.com,Moderate,Mon Closed<br>Tue Closed<br>Wed Closed<br>Thu Closed<br>Fri 8:30 pm - 2:30 am<br>Sat 8:30 pm - 2:30 am<br>Sun Closed<br>,,,,Yes,,Valet,,,Yes,,,Loud,,,Full Bar,,,,,No,,Yes,,,,,"Adult Entertainment, Adult Entertainment",33.899109,-84.381054,"https://s3-media1.fl.yelpcdn.com/bphoto/Xb25fUlqadF4vXshYshNqA/ls.jpg"" srcset=""https://s3-media1.fl.yelpcdn.com/bphoto/Xb25fUlqadF4vXshYshNqA/258s.jpg 1.03x,https://s3-media1.fl.yelpcdn.com/bphoto/Xb25fUlqadF4vXshYshNqA/348s.jpg 1.39x,https://s3-media1.fl.yelpcdn.com/bphoto/Xb25fUlqadF4vXshYshNqA/300s.jpg 1.20x",http://www.yelp.com/biz/coronet-club-sandy-springs?osq=Adult+Entertainment,,,,,,
Club Blaze,3438 Moreland Ave,Conley,GA,30288,,,(404) 366-5243,,,Yes,No,2.0 star rating,6 reviews,,Pricey,,,,,Yes,,,,,Yes,,,Loud,,,Full Bar,,,,,No,,Yes,,,,,"Adult Entertainment, Adult Entertainment",33.656443,-84.333892,"https://s3-media2.fl.yelpcdn.com/bphoto/W_vQKzal2PLNsMqhFmg8GQ/ls.jpg"" srcset=""https://s3-media2.fl.yelpcdn.com/bphoto/W_vQKzal2PLNsMqhFmg8GQ/258s.jpg 1.03x,https://s3-media2.fl.yelpcdn.com/bphoto/W_vQKzal2PLNsMqhFmg8GQ/348s.jpg 1.39x,https://s3-media2.fl.yelpcdn.com/bphoto/W_vQKzal2PLNsMqhFmg8GQ/300s.jpg 1.20x",http://www.yelp.com/biz/club-blaze-conley?osq=Adult+Entertainment,,,,,,
Rumors,3950 Jonesboro Rd,Forest Park,GA,30297,,,(404) 675-9400,,,Yes,No,4.0 star rating,4 reviews,http://www.rumorsatlanta.com/,Moderate,Mon 11:30 am - 3:30 am<br>Tue 11:30 am - 3:30 am<br>Wed 11:30 am - 3:30 am<br>Thu 11:30 am - 3:30 am<br>Fri 11:30 am - 3:30 am<br>Sat 11:30 am - 3:30 am<br>Sun Closed<br>,,,,Yes,,Private Lot,Yes,,Yes,,,Average,DJ,Yes,Full Bar,Yes,"Tue, Wed, Fri",No,Yes,No,,Yes,,,,,"Adult Entertainment, Adult Entertainment",33.647307,-84.364548,"https://s3-media3.fl.yelpcdn.com/bphoto/OhwUVHPEt48o196o4g6YLA/ls.jpg"" srcset=""https://s3-media3.fl.yelpcdn.com/bphoto/OhwUVHPEt48o196o4g6YLA/258s.jpg 1.03x,https://s3-media3.fl.yelpcdn.com/bphoto/OhwUVHPEt48o196o4g6YLA/348s.jpg 1.39x,https://s3-media3.fl.yelpcdn.com/bphoto/OhwUVHPEt48o196o4g6YLA/300s.jpg 1.20x",http://www.yelp.com/biz/rumors-forest-park?osq=Adult+Entertainment,,,,,,
Toys Atlanta,450 Capitol Ave Ste 760,Atlanta,GA,30309,,Midtown,(404) 941-4741,,Elise G.,Yes,No,,,http://www.ToysAtlanta.com,Moderate,Mon Open 24 hours<br>Tue Open 24 hours<br>Wed Open 24 hours<br>Thu Open 24 hours<br>Fri Open 24 hours<br>Sat Open 24 hours<br>Sun Open 24 hours<br>,,,,Yes,,,,,,,,,,,,,,,,,,,,,,,"Adult, Adult Entertainment, Adult, Adult Entertainment",,,"https://s3-media3.fl.yelpcdn.com/bphoto/TjujNS5xkUuXC-tEtoaeRg/ls.jpg"" srcset=""https://s3-media3.fl.yelpcdn.com/bphoto/TjujNS5xkUuXC-tEtoaeRg/258s.jpg 1.03x,https://s3-media3.fl.yelpcdn.com/bphoto/TjujNS5xkUuXC-tEtoaeRg/348s.jpg 1.39x,https://s3-media3.fl.yelpcdn.com/bphoto/TjujNS5xkUuXC-tEtoaeRg/300s.jpg 1.20x",http://www.yelp.com/biz/toys-atlanta-atlanta-2?osq=Adult+Entertainment,,,,,,
MC Entertainment & Services,1999 Barberrie Ln,Decatur,GA,30032,,,(678) 768-3611,,Christopher M.,Yes,No,1.0 star rating,1 review,http://www.mcentertainment.org,Moderate,Mon 8:00 am - 4:00 am<br>Tue 8:00 am - 4:00 am<br>Wed 8:00 am - 4:00 am<br>Thu 8:00 am - 4:00 am<br>Fri 8:00 am - 4:00 am<br>Sat 8:00 am - 4:00 am<br>Sun 8:00 am - 4:00 am<br>,,,,Yes,,Street,,,Yes,,"Trendy, Intimate, Romantic, Classy, Upscale",Average,,,Full Bar,,,,,No,,No,,,,,"Adult Entertainment, Adult Entertainment",33.735143,-84.305644,"https://s3-media4.fl.yelpcdn.com/bphoto/FLJnFNIeECDgMYtCf87TDg/ls.jpg"" srcset=""https://s3-media4.fl.yelpcdn.com/bphoto/FLJnFNIeECDgMYtCf87TDg/258s.jpg 1.03x,https://s3-media4.fl.yelpcdn.com/bphoto/FLJnFNIeECDgMYtCf87TDg/348s.jpg 1.39x,https://s3-media4.fl.yelpcdn.com/bphoto/FLJnFNIeECDgMYtCf87TDg/300s.jpg 1.20x",http://www.yelp.com/biz/mc-entertainment-and-services-decatur-3?osq=Adult+Entertainment,$30 for $50 Deal at MC Entertainment & Services,You get a voucher redeemable for $50 at MC Entertainment & Services.,$50,40%,$20,https://www.yelp.com/checkout/deal/8eKPE0gacpkyRnyMLRvffg?biz_id=NxNm6xDZYx8ofjyZklsE-w&return_url=%2Fbiz%2Fmc-entertainment-and-services-decatur-3
Creative Visuals,2628 Piedmont Rd NE,Atlanta,GA,30324,,"Buckhead, Lindbergh",(404) 262-9113,,,No,No,,,http://creativevisuals.com.au/,,,,,,,,,,,,,,,,,,,,,,,,,,,,,"Adult Entertainment, Adult Entertainment",33.826539,-84.367708,,http://www.yelp.com/biz/creative-visuals-atlanta?osq=Adult+Entertainment,,,,,,
RH Brands,1095 Zonolite Rd NE Ste 100,Atlanta,GA,30306,,,(404) 892-8868,,,Yes,No,1.0 star rating,1 review,http://www.rhbrands.com,Inexpensive,,,,,No,,,,,No,,,Average,,,No,,,,,No,,,,,,,"Adult Entertainment, Adult Entertainment",33.806889,-84.344598,,http://www.yelp.com/biz/rh-brands-atlanta?osq=Adult+Entertainment,,,,,,
,,,,,,,,,,,,,,,,,,,,,,,,,,,,,,,,,,,,,,,,,,,,,,,,,,,,,
Tantra Adult Fantasy Store,63 Cobb Pkwy N,Marietta,GA,30062,,,(770) 499-2284,,,Yes,No,2.0 star rating,4 reviews,,,Mon 10:00 am - 12:00 am<br>Tue 10:00 am - 12:00 am<br>Wed 10:00 am - 12:00 am<br>Thu 10:00 am - 12:00 am<br>Fri 10:00 am - 2:00 am<br>Sat 10:00 am - 2:00 am<br>Sun 10:00 am - 12:00 am<br>,,,,Yes,,,,,,,,,,,,,,,,No,,,,,,,"Adult Entertainment, Adult Entertainment",33.952493,-84.521974,,http://www.yelp.com/biz/tantra-adult-fantasy-store-marietta?osq=Adult+Entertainment,,,,,,
,,,,,,,,,,,,,,,,,,,,,,,,,,,,,,,,,,,,,,,,,,,,,,,,,,,,,
,,,,,,,,,,,,,,,,,,,,,,,,,,,,,,,,,,,,,,,,,,,,,,,,,,,,,
Atlanta Strippers - Sincity,,Sandy Springs,GA,30350,,,(678) 250-3711,,,No,No,,,http://www.sincityatldancers.com,,Mon Open 24 hours<br>Tue Open 24 hours<br>Wed Open 24 hours<br>Thu Open 24 hours<br>Fri Open 24 hours<br>Sat Open 24 hours<br>Sun Open 24 hours<br>,,,,,,,,,,,,,,,,,,,,,,,,,,,"Adult Entertainment, Party Bus Rentals, Adult Entertainment, Party Bus Rentals",,,"https://s3-media4.fl.yelpcdn.com/bphoto/a4ygaGEHPzCDv5RV1DW34g/ls.jpg"" srcset=""https://s3-media4.fl.yelpcdn.com/bphoto/a4ygaGEHPzCDv5RV1DW34g/258s.jpg 1.03x,https://s3-media4.fl.yelpcdn.com/bphoto/a4ygaGEHPzCDv5RV1DW34g/348s.jpg 1.39x,https://s3-media4.fl.yelpcdn.com/bphoto/a4ygaGEHPzCDv5RV1DW34g/300s.jpg 1.20x",http://www.yelp.com/biz/atlanta-strippers-sincity-sandy-springs?osq=Adult+Entertainment,,,,,,
Riley’s Showbar,4425 Fulton Industrial Blvd SW,Atlanta,GA,30336,,,(404) 699-1589,,,Yes,No,3.0 star rating,2 reviews,http://www.atlantashowbars.com/rileys.html,Moderate,Mon 12:00 pm - 4:00 am<br>Tue 12:00 pm - 4:00 am<br>Wed 12:00 pm - 4:00 am<br>Thu 12:00 pm - 4:00 am<br>Fri 12:00 pm - 4:00 am<br>Sat 12:00 pm - 3:00 am<br>Sun Closed<br>,,,,,,,,,Yes,,,Average,,,Full Bar,,,,,No,,No,,,,,"Adult Entertainment, Adult Entertainment",33.764214,-84.532558,,http://www.yelp.com/biz/rileys-showbar-atlanta?osq=Adult+Entertainment,,,,,,
Club Tasteful,1775 S Columbia Pl,Decatur,GA,30032,,,(916) 320-1635,,,No,No,,,,,,,,,,,,,,,,,,,,,,,,,,,,,,,,"Adult Entertainment, Adult Entertainment",33.739713,-84.255350,,http://www.yelp.com/biz/club-tasteful-decatur?osq=Adult+Entertainment,,,,,,
Centerfold Beauties,,Atl,GA,30301,,Downtown,(770) 804-9032,,,No,No,,,http://www.centerfoldbeauties.net,,,,,,,,,,,,,,,,,,,,,,,,,,,,,"Adult Entertainment, Adult Entertainment",,,,http://www.yelp.com/biz/centerfold-beauties-atl?osq=Adult+Entertainment,,,,,,
Rainbow Entertainment,370 Pine Tree Cir,Decatur,GA,30032,,,(678) 705-3755,,,No,No,,,,,,,,,,,,,,,,,,,,,,,,,,,,,,,,"Adult Entertainment, Adult Entertainment",33.777183,-84.255714,,http://www.yelp.com/biz/rainbow-entertainment-decatur?osq=Adult+Entertainment,,,,,,
Crazy Horse,4730 Frontage Rd,Forest Park,GA,30297,,,(678) 949-9654,,,No,No,,,,,Mon 11:30 am - 3:30 am<br>Tue 11:30 am - 3:30 am<br>Wed 11:30 am - 3:30 am<br>Thu 11:30 am - 3:30 am<br>Fri 11:30 am - 3:30 am<br>Sat 11:30 am - 3:30 am<br>Sun Closed<br>,,,,,,,,,,,,,,,,,,,,,,,,,,,"Adult Entertainment, Adult Entertainment",33.625818,-84.398303,,http://www.yelp.com/biz/crazy-horse-forest-park?osq=Adult+Entertainment,,,,,,
Brandie’s Best,18 Hwy 29,Lawrenceville,GA,30045,,,,,,No,No,,,,,,,,,,,,,,,,,,,,,,,,,,,,,,,,"Adult Entertainment, Adult Entertainment",33.960687,-83.971887,"https://s3-media1.fl.yelpcdn.com/bphoto/4omCIumI7Kio8y0Thtqz7Q/ls.jpg"" srcset=""https://s3-media1.fl.yelpcdn.com/bphoto/4omCIumI7Kio8y0Thtqz7Q/258s.jpg 1.03x,https://s3-media1.fl.yelpcdn.com/bphoto/4omCIumI7Kio8y0Thtqz7Q/348s.jpg 1.39x,https://s3-media1.fl.yelpcdn.com/bphoto/4omCIumI7Kio8y0Thtqz7Q/300s.jpg 1.20x",http://www.yelp.com/biz/brandies-best-lawrenceville?osq=Adult+Entertainment,,,,,,
Club 908,908 Commercial St NE,Conyers,GA,30012,,,(770) 761-2122,,,No,No,,,http://club908.com/,,,,,,,,,,,,,,,,,,,,,,,,,,,,,"Adult Entertainment, Adult Entertainment",33.666870,-84.017566,,http://www.yelp.com/biz/club-908-conyers?osq=Adult+Entertainment,,,,,,